пример аварии;подразделение;сотрудник
Сход 15 грузовых вагонов с углём на перегоне;ДАВС;Машинист крана
Сход 15 грузовых вагонов с углём на перегоне;ДАВС;Стропальщик
Сход 15 грузовых вагонов с углём на перегоне;ДИ;Монтер пути
Сход 15 грузовых вагонов с углём на перегоне;ДИ;Бригадир пути
Сход 15 грузовых вагонов с углём на перегоне;ДЦС;Составитель поездов
Столкновение пассажирского и грузового поезда;МЧС;Пожарный
Столкновение пассажирского и грузового поезда;МЧС;Спасатель
Столкновение пассажирского и грузового поезда;МАБ;Врач-реаниматолог
Столкновение пассажирского и грузового поезда;МАБ;Фельдшер
Столкновение пассажирского и грузового поезда;МАБ;Медсестра
Обрыв контактной сети на электрифицированном участке;НТЭ;Электромонтер контактной сети
Обрыв контактной сети на электрифицированном участке;НТЭ;Водитель автовышки
Обрыв контактной сети на электрифицированном участке;НТЭ;Энергетик
Обрыв контактной сети на электрифицированном участке;ДЦУП;Диспетчер энергоснабжения
Пожар в вагоне с опасным грузом;МЧС;Пожарный
Пожар в вагоне с опасным грузом;МЧС;Спасатель
Пожар в вагоне с опасным грузом;НЦОП;Химик-лаборант
Пожар в вагоне с опасным грузом;НЦОП;Эколог
Пожар в вагоне с опасным грузом;МЧ;Водитель пожарного автомобиля
Обрушение железнодорожного моста;ДАВС;Машинист крана
Обрушение железнодорожного моста;ДАВС;Стропальщик
Обрушение железнодорожного моста;ДИ;Монтер пути
Обрушение железнодорожного моста;ДИ;Мостостроитель
Обрушение железнодорожного моста;ДИ;Геодезист
Разлив нефтепродуктов из цистерны;НЦОП;Эколог
Разлив нефтепродуктов из цистерны;НЦОП;Лаборант
Разлив нефтепродуктов из цистерны;ДАВС;Водитель
Разлив нефтепродуктов из цистерны;МЧС;Спасатель
Разлив нефтепродуктов из цистерны;ДАВС;Машинист насосной установки
Падение дерева на путь;ДИ;Монтер пути
Падение дерева на путь;ДИ;Бригадир пути
Падение дерева на путь;ДАВС;Водитель
Падение дерева на путь;ДАВС;Машинист дрезины
Падение дерева на путь;ДАВС;Стропальщик
Отказ тормозной системы у пассажирского поезда;ЦТО;Осмотрщик вагонов
Отказ тормозной системы у пассажирского поезда;ЦТО;Электромеханик
Отказ тормозной системы у пассажирского поезда;МВПС;Машинист
Отказ тормозной системы у пассажирского поезда;МВПС;Помощник машиниста
Задымление в тоннеле;МЧС;Спасатель
Задымление в тоннеле;МЧС;Пожарный
Задымление в тоннеле;МАБ;Медицинский работник
Задымление в тоннеле;ДЦУП;Диспетчер
Задымление в тоннеле;МЧС;Горноспасатель
Нарушение габарита при погрузке;МЧ;Приемосдатчик
Нарушение габарита при погрузке;МЧ;Крановщик
Нарушение габарита при погрузке;МЧ;Стропальщик
Нарушение габарита при погрузке;МЧ;Начальник грузового района
Обрыв поездной радиосвязи;ЦСС;Радист
Обрыв поездной радиосвязи;ЦСС;Инженер связи
Обрыв поездной радиосвязи;ЦСС;Монтажник связи
Обрыв поездной радиосвязи;СЦБ;Электромеханик
Дефект рельса (трещина) на главном пути;ДИ;Оператор дефектоскопной тележки
Дефект рельса (трещина) на главном пути;ДИ;Монтер пути
Дефект рельса (трещина) на главном пути;ДИ;Бригадир пути
Дефект рельса (трещина) на главном пути;ЦТО;Инженер-диагност
Сход снежной лавины на перегоне;ДАВС;Машинист бульдозера
Сход снежной лавины на перегоне;ДИ;Монтер пути
Сход снежной лавины на перегоне;МЧС;Спасатель
Сход снежной лавины на перегоне;ДАВС;Водитель
Сход снежной лавины на перегоне;НЦОП;Эколог
Короткое замыкание на тяговой подстанции;НТЭ;Электромонтер
Короткое замыкание на тяговой подстанции;НТЭ;Энергетик
Короткое замыкание на тяговой подстанции;ДЦУП;Диспетчер энергоснабжения
Короткое замыкание на тяговой подстанции;МЧС;Пожарный
Попытка поджога на станции;ФГП;Охранник
Попытка поджога на станции;ФГП;Кинолог
Попытка поджога на станции;ФГП;Стрелок
Попытка поджога на станции;РЦБЗ;Оператор видеонаблюдения
Попытка поджога на станции;ФГП;Начальник смены охраны
Взрыв на складе ГСМ вблизи путей;МЧС;Пожарный
Взрыв на складе ГСМ вблизи путей;МЧС;Спасатель
Взрыв на складе ГСМ вблизи путей;НЦОП;Химик
Взрыв на складе ГСМ вблизи путей;НЦОП;Эколог
Взрыв на складе ГСМ вблизи путей;МАБ;Врач
Разрушение опоры контактной сети после урагана;НТЭ;Электромонтер
Разрушение опоры контактной сети после урагана;НТЭ;Водитель автовышки
Разрушение опоры контактной сети после урагана;ДИ;Монтер пути
Разрушение опоры контактной сети после урагана;ДАВС;Крановщик
Обнаружение подозрительного предмета на вокзале;ФГП;Кинолог
Обнаружение подозрительного предмета на вокзале;ФГП;Охранник
Обнаружение подозрительного предмета на вокзале;МВД;Сапёр
Обнаружение подозрительного предмета на вокзале;МВД;Полицейский
Обнаружение подозрительного предмета на вокзале;ДЦУП;Диспетчер
Отказ стрелочного перевода на сортировочной горке;СЦБ;Электромеханик СЦБ
Отказ стрелочного перевода на сортировочной горке;ДИ;Монтер пути
Отказ стрелочного перевода на сортировочной горке;ДЦС;Дежурный по станции
Отказ стрелочного перевода на сортировочной горке;ДЦС;Сигналист
Повреждение пути при оползне;ДИ;Монтер пути
Повреждение пути при оползне;ДИ;Бригадир
Повреждение пути при оползне;НЦОП;Геолог
Повреждение пути при оползне;ДАВС;Машинист бульдозера
Повреждение пути при оползне;НЦОП;Эколог
Сход порожних вагонов на сортировочной горке;ДЦС;Дежурный по станции
Сход порожних вагонов на сортировочной горке;ДЦС;Составитель поездов
Сход порожних вагонов на сортировочной горке;ДЦС;Сигналист
Сход порожних вагонов на сортировочной горке;ДИ;Монтер пути
Сход порожних вагонов на сортировочной горке;СЦБ;Электромеханик СЦБ
Повреждение опоры контактной сети грузовым автомобилем на переезде;НТЭ;Электромонтер контактной сети
Повреждение опоры контактной сети грузовым автомобилем на переезде;НТЭ;Водитель автовышки
Повреждение опоры контактной сети грузовым автомобилем на переезде;ДЦС;Дежурный по переезду
Повреждение опоры контактной сети грузовым автомобилем на переезде;МВД;Инспектор ГИБДД
Повреждение опоры контактной сети грузовым автомобилем на переезде;ДАВС;Крановщик
Разрушение насыпи после ливневых дождей;ДИ;Монтер пути
Разрушение насыпи после ливневых дождей;ДИ;Бригадир пути
Разрушение насыпи после ливневых дождей;ДРП;Машинист бульдозера
Разрушение насыпи после ливневых дождей;НЦОП;Эколог
Разрушение насыпи после ливневых дождей;ДИ;Геодезист
Возгорание в моторном вагоне электропоезда;МВПС;Машинист
Возгорание в моторном вагоне электропоезда;МВПС;Помощник машиниста
Возгорание в моторном вагоне электропоезда;МЧС;Пожарный
Возгорание в моторном вагоне электропоезда;МАБ;Медицинский работник
Возгорание в моторном вагоне электропоезда;ФГП;Стрелок (охрана)
Обнаружение бесхозного предмета на платформе;ФГП;Кинолог
Обнаружение бесхозного предмета на платформе;ФГП;Охранник
Обнаружение бесхозного предмета на платформе;МВД;Сапёр
Обнаружение бесхозного предмета на платформе;МВД;Полицейский
Обнаружение бесхозного предмета на платформе;ДЦС;Дежурный по станции
Наезд на пешехода в зоне станции;МВД;Полицейский
Наезд на пешехода в зоне станции;МАБ;Фельдшер
Наезд на пешехода в зоне станции;МАБ;Врач
Наезд на пешехода в зоне станции;ДЦС;Дежурный по станции
Наезд на пешехода в зоне станции;Локомотивное депо;Машинист
Повреждение газопровода при земляных работах;НЦОП;Эколог
Повреждение газопровода при земляных работах;НЦОП;Химик-лаборант
Повреждение газопровода при земляных работах;МЧС;Спасатель
Повреждение газопровода при земляных работах;МЧС;Пожарный
Повреждение газопровода при земляных работах;ДИ;Бригадир
Отказ системы видеонаблюдения на вокзале;РЦБЗ;Оператор видеонаблюдения
Отказ системы видеонаблюдения на вокзале;ЦТО;Инженер-диагност
Отказ системы видеонаблюдения на вокзале;ЦТО;Электрик
Отказ системы видеонаблюдения на вокзале;ЦСС;Инженер связи
Отказ системы видеонаблюдения на вокзале;ФГП;Охранник
Сбой в работе автоматизированной системы управления движением;ЦУП;Диспетчер
Сбой в работе автоматизированной системы управления движением;ЦТУ;Системный администратор
Сбой в работе автоматизированной системы управления движением;ЦТУ;Программист
Сбой в работе автоматизированной системы управления движением;СЦБ;Электромеханик
Сбой в работе автоматизированной системы управления движением;ДЦУП;Инженер-технолог
Разрушение шумозащитного экрана ураганом;ДИ;Монтер пути
Разрушение шумозащитного экрана ураганом;ДИ;Бригадир
Разрушение шумозащитного экрана ураганом;ДАВС;Крановщик
Разрушение шумозащитного экрана ураганом;ДАВС;Стропальщик
Разрушение шумозащитного экрана ураганом;ДАВС;Водитель
Повреждение вагона при маневровых работах;ДЦС;Составитель поездов
Повреждение вагона при маневровых работах;ДЦС;Сигналист
Повреждение вагона при маневровых работах;ЦТО;Осмотрщик вагонов
Повреждение вагона при маневровых работах;ДЦС;Дежурный по станции
Повреждение вагона при маневровых работах;ДИ;Монтер пути
Разрыв стыка рельса из-за перепада температур;ДИ;Монтер пути
Разрыв стыка рельса из-за перепада температур;ДИ;Бригадир пути
Разрыв стыка рельса из-за перепада температур;ДИ;Оператор дефектоскопной тележки
Разрыв стыка рельса из-за перепада температур;ДЦУП;Диспетчер
Разрыв стыка рельса из-за перепада температур;ДЦС;Дежурный по станции
Падение пассажира на пути;МАБ;Врач
Падение пассажира на пути;МАБ;Фельдшер
Падение пассажира на пути;МАБ;Медсестра
Падение пассажира на пути;ДЦС;Дежурный по станции
Падение пассажира на пути;МЧС;Спасатель
Отказ поездной радиосвязи на перегоне;ЦСС;Радист
Отказ поездной радиосвязи на перегоне;ЦСС;Инженер связи
Отказ поездной радиосвязи на перегоне;ЦСС;Монтажник связи
Отказ поездной радиосвязи на перегоне;Локомотивное депо;Машинист
Отказ поездной радиосвязи на перегоне;ДЦУП;Диспетчер
Загрязнение почвы мазутом в районе депо;НЦОП;Эколог
Загрязнение почвы мазутом в районе депо;НЦОП;Лаборант
Загрязнение почвы мазутом в районе депо;ДАВС;Водитель
Загрязнение почвы мазутом в районе депо;ДАВС;Машинист насосной установки
Загрязнение почвы мазутом в районе депо;ДИ;Бригадир
Обрыв ЛЭП, питающей нетяговые потребители;НТЭ;Электромонтер
Обрыв ЛЭП, питающей нетяговые потребители;НТЭ;Энергетик
Обрыв ЛЭП, питающей нетяговые потребители;ДЦУП;Диспетчер энергоснабжения
Обрыв ЛЭП, питающей нетяговые потребители;ДАВС;Водитель автовышки
Обрыв ЛЭП, питающей нетяговые потребители;ДАВС;Крановщик
Кража цветного металла с объекта инфраструктуры;ФГП;Охранник
Кража цветного металла с объекта инфраструктуры;ФГП;Кинолог
Кража цветного металла с объекта инфраструктуры;МВД;Полицейский
Кража цветного металла с объекта инфраструктуры;РЦБЗ;Оператор видеонаблюдения
Кража цветного металла с объекта инфраструктуры;ДИ;Бригадир
Повреждение моста ледоходом;ДИ;Мостостроитель
Повреждение моста ледоходом;ДИ;Монтер пути
Повреждение моста ледоходом;ДАВС;Крановщик
Повреждение моста ледоходом;ДАВС;Водолаз
Повреждение моста ледоходом;НЦОП;Эколог
Задымление в административном здании;МЧС;Пожарный
Задымление в административном здании;МЧС;Спасатель
Задымление в административном здании;МАБ;Медицинский работник
Задымление в административном здании;ФГП;Охранник
Задымление в административном здании;ДАВС;Электрик
Сход вагона с опасным грузом на станции;ДАВС;Машинист крана
Сход вагона с опасным грузом на станции;ДАВС;Стропальщик
Сход вагона с опасным грузом на станции;МЧС;Спасатель
Сход вагона с опасным грузом на станции;НЦОП;Химик
Сход вагона с опасным грузом на станции;ДЦС;Дежурный по станции
Нарушение целостности рельсовой цепи;СЦБ;Электромеханик
Нарушение целостности рельсовой цепи;СЦБ;Электромонтер
Нарушение целостности рельсовой цепи;ДИ;Монтер пути
Нарушение целостности рельсовой цепи;ДЦУП;Диспетчер
Нарушение целостности рельсовой цепи;ДЦС;Дежурный по станции
Повреждение кабеля связи при строительных работах;ЦСС;Монтажник связи
Повреждение кабеля связи при строительных работах;ЦСС;Инженер связи
Повреждение кабеля связи при строительных работах;ДИ;Бригадир
Повреждение кабеля связи при строительных работах;ДАВС;Экскаваторщик
Повреждение кабеля связи при строительных работах;ЦУТСС;Диспетчер
Пожар в жилом доме, принадлежащем РЖД;МЧС;Пожарный
Пожар в жилом доме, принадлежащем РЖД;МЧС;Спасатель
Пожар в жилом доме, принадлежащем РЖД;МАБ;Врач
Пожар в жилом доме, принадлежащем РЖД;ДАВС;Электрик
Пожар в жилом доме, принадлежащем РЖД;ДАВС;Сварщик
Отказ автоматической локомотивной сигнализации;СЦБ;Электромеханик
Отказ автоматической локомотивной сигнализации;Локомотивное депо;Машинист
Отказ автоматической локомотивной сигнализации;Локомотивное депо;Помощник машиниста
Отказ автоматической локомотивной сигнализации;ЦТО;Инженер-диагност
Отказ автоматической локомотивной сигнализации;ДЦУП;Диспетчер
Отказ системы кондиционирования в пассажирском вагоне;ЦТО;Механик по вентиляции
Отказ системы кондиционирования в пассажирском вагоне;ЦТО;Электромеханик
Отказ системы кондиционирования в пассажирском вагоне;МВПС;Проводник
Отказ системы кондиционирования в пассажирском вагоне;МВПС;Начальник поезда
Отказ системы кондиционирования в пассажирском вагоне;ЦТО;Инженер по климату
Повреждение изоляции на тяговой подстанции;НТЭ;Электромонтер
Повреждение изоляции на тяговой подстанции;НТЭ;Энергетик
Повреждение изоляции на тяговой подстанции;ДЦУП;Диспетчер энергоснабжения
Повреждение изоляции на тяговой подстанции;НТЭ;Инженер по изоляции
Повреждение изоляции на тяговой подстанции;МЧС;Пожарный
Обрыв троса контактной сети;НТЭ;Электромонтер контактной сети
Обрыв троса контактной сети;НТЭ;Водитель автовышки
Обрыв троса контактной сети;НТЭ;Энергодиспетчер
Обрыв троса контактной сети;ДАВС;Крановщик
Обрыв троса контактной сети;ДЦУП;Диспетчер
Засорение водостоков на станции;ДИ;Монтер пути
Засорение водостоков на станции;ДИ;Бригадир пути
Засорение водостоков на станции;ДАВС;Водитель
Засорение водостоков на станции;ДАВС;Экскаваторщик
Засорение водостоков на станции;ДЦС;Дежурный по станции
Повреждение переездной сигнализации;СЦБ;Электромеханик СЦБ
Повреждение переездной сигнализации;СЦБ;Электромонтер
Повреждение переездной сигнализации;ДЦС;Дежурный по переезду
Повреждение переездной сигнализации;ЦСС;Инженер связи
Повреждение переездной сигнализации;ДЦУП;Диспетчер
Отказ системы водоснабжения на вокзале;ЦТО;Слесарь-сантехник
Отказ системы водоснабжения на вокзале;ЦТО;Инженер по водоснабжению
Отказ системы водоснабжения на вокзале;ДАВС;Водитель
Отказ системы водоснабжения на вокзале;ФГП;Охранник
Отказ системы водоснабжения на вокзале;ДЦС;Дежурный по станции
Обнаружение утечки газа в здании вокзала;НЦОП;Химик-лаборант
Обнаружение утечки газа в здании вокзала;МЧС;Пожарный
Обнаружение утечки газа в здании вокзала;МЧС;Спасатель
Обнаружение утечки газа в здании вокзала;ФГП;Охранник
Обнаружение утечки газа в здании вокзала;ЦТО;Инженер по газу
Обнаружение утечки газа в здании вокзала;ДЦС;Дежурный по станции
Повреждение платформы при маневрах;ДЦС;Составитель поездов
Повреждение платформы при маневрах;ДЦС;Сигналист
Повреждение платформы при маневрах;ДИ;Монтер пути
Повреждение платформы при маневрах;ЦТО;Осмотрщик вагонов
Повреждение платформы при маневрах;ДЦС;Дежурный по станции
Отказ системы отопления в депо;ЦТО;Слесарь по отоплению
Отказ системы отопления в депо;ЦТО;Инженер по теплоснабжению
Отказ системы отопления в депо;НТЭ;Энергетик
Отказ системы отопления в депо;ДАВС;Электрик
Отказ системы отопления в депо;Локомотивное депо;Машинист
Обледенение контактной сети;НТЭ;Электромонтер контактной сети
Обледенение контактной сети;НТЭ;Водитель автовышки
Обледенение контактной сети;НТЭ;Энергодиспетчер
Обледенение контактной сети;ДЦУП;Диспетчер
Обледенение контактной сети;МВПС;Машинист
Повреждение кабеля питания тяговой подстанции;НТЭ;Электромонтер
Повреждение кабеля питания тяговой подстанции;НТЭ;Энергетик
Повреждение кабеля питания тяговой подстанции;ДЦУП;Диспетчер энергоснабжения
Повреждение кабеля питания тяговой подстанции;ДАВС;Экскаваторщик
Повреждение кабеля питания тяговой подстанции;НТЭ;Инженер по кабелям
Сход подвижного состава на станции;ДЦС;Дежурный по станции
Сход подвижного состава на станции;ДЦС;Составитель поездов
Сход подвижного состава на станции;ДЦС;Сигналист
Сход подвижного состава на станции;ДАВС;Машинист крана
Сход подвижного состава на станции;ДИ;Монтер пути
Сход подвижного состава на станции;СЦБ;Электромеханик СЦБ
Отказ системы вентиляции в тоннеле;НТЭ;Электромонтер
Отказ системы вентиляции в тоннеле;НТЭ;Инженер по вентиляции
Отказ системы вентиляции в тоннеле;МЧС;Спасатель
Отказ системы вентиляции в тоннеле;МЧС;Пожарный
Отказ системы вентиляции в тоннеле;ДЦУП;Диспетчер
Повреждение ограждения на платформе;ДИ;Монтер пути
Повреждение ограждения на платформе;ДИ;Бригадир пути
Повреждение ограждения на платформе;ДАВС;Сварщик
Повреждение ограждения на платформе;ФГП;Охранник
Повреждение ограждения на платформе;ДЦС;Дежурный по станции
Обнаружение постороннего предмета на путях;ДЦС;Дежурный по станции
Обнаружение постороннего предмета на путях;ДЦС;Сигналист
Обнаружение постороннего предмета на путях;ФГП;Охранник
Обнаружение постороннего предмета на путях;МЧС;Спасатель
Обнаружение постороннего предмета на путях;ДЦУП;Диспетчер
Отказ системы освещения на станции;НТЭ;Электромонтер
Отказ системы освещения на станции;НТЭ;Энергетик
Отказ системы освещения на станции;ЦТО;Электрик
Отказ системы освещения на станции;ДЦС;Дежурный по станции
Отказ системы освещения на станции;ФГП;Охранник
Повреждение балластного слоя пути;ДИ;Монтер пути
Повреждение балластного слоя пути;ДИ;Бригадир пути
Повреждение балластного слоя пути;ДАВС;Машинист путеукладчика
Повреждение балластного слоя пути;ДАВС;Экскаваторщик
Повреждение балластного слоя пути;ЦДИ;Инженер-диагност
Обрыв провода автоблокировки;СЦБ;Электромеханик СЦБ
Обрыв провода автоблокировки;СЦБ;Электромонтер
Обрыв провода автоблокировки;ЦСС;Монтажник связи
Обрыв провода автоблокировки;ДЦУП;Диспетчер
Обрыв провода автоблокировки;ДЦС;Дежурный по станции
Отказ системы пожаротушения в здании;МЧС;Пожарный
Отказ системы пожаротушения в здании;МЧС;Инженер по пожарной безопасности
Отказ системы пожаротушения в здании;ЦТО;Слесарь КИП
Отказ системы пожаротушения в здании;ФГП;Охранник
Отказ системы пожаротушения в здании;ДЦС;Дежурный по станции
Повреждение стрелочного привода;СЦБ;Электромеханик СЦБ
Повреждение стрелочного привода;СЦБ;Электромонтер
Повреждение стрелочного привода;ДИ;Монтер пути
Повреждение стрелочного привода;ДЦС;Дежурный по станции
Повреждение стрелочного привода;ДЦУП;Диспетчер
Повреждение стрелочного привода;СЦБ;Инженер по СЦБ
Обнаружение разлива топлива на путях;НЦОП;Эколог
Обнаружение разлива топлива на путях;НЦОП;Лаборант
Обнаружение разлива топлива на путях;ДАВС;Водитель
Обнаружение разлива топлива на путях;ДАВС;Машинист насосной установки
Обнаружение разлива топлива на путях;МЧС;Пожарный
Отказ системы видеонаблюдения на перроне;РЦБЗ;Оператор видеонаблюдения
Отказ системы видеонаблюдения на перроне;ЦСС;Инженер связи
Отказ системы видеонаблюдения на перроне;ЦТО;Электрик
Отказ системы видеонаблюдения на перроне;ФГП;Охранник
Отказ системы видеонаблюдения на перроне;ДЦС;Дежурный по станции
Повреждение рельса при ударе;ДИ;Монтер пути
Повреждение рельса при ударе;ДИ;Бригадир пути
Повреждение рельса при ударе;ЦТО;Инженер-диагност
Повреждение рельса при ударе;ЦДИ;Оператор дефектоскопной тележки
Повреждение рельса при ударе;ДЦУП;Диспетчер
Обнаружение трещины в мостовой конструкции;ДИ;Мостостроитель
Обнаружение трещины в мостовой конструкции;ДИ;Геодезист
Обнаружение трещины в мостовой конструкции;ЦДИ;Инженер-диагност
Обнаружение трещины в мостовой конструкции;ДАВС;Крановщик
Обнаружение трещины в мостовой конструкции;НЦОП;Эколог
Отказ системы оповещения на станции;ЦЧС;Оператор системы оповещения
Отказ системы оповещения на станции;ЦСС;Инженер связи
Отказ системы оповещения на станции;ЦТО;Электрик
Отказ системы оповещения на станции;ДЦС;Дежурный по станции
Отказ системы оповещения на станции;ФГП;Охранник
Повреждение шпал на перегоне;ДИ;Монтер пути
Повреждение шпал на перегоне;ДИ;Бригадир пути
Повреждение шпал на перегоне;ДАВС;Машинист путеукладчика
Повреждение шпал на перегоне;ЦДИ;Оператор дефектоскопной тележки
Повреждение шпал на перегоне;ДЦУП;Диспетчер
Обнаружение утечки из водопровода;ЦТО;Слесарь-сантехник
Обнаружение утечки из водопровода;ЦТО;Инженер по водоснабжению
Обнаружение утечки из водопровода;ДАВС;Водитель
Обнаружение утечки из водопровода;НЦОП;Эколог
Обнаружение утечки из водопровода;ДЦС;Дежурный по станции
Отказ системы кондиционирования в локомотиве;ЦТО;Механик по вентиляции
Отказ системы кондиционирования в локомотиве;ЦТО;Электромеханик
Отказ системы кондиционирования в локомотиве;Локомотивное депо;Машинист
Отказ системы кондиционирования в локомотиве;Локомотивное депо;Помощник машиниста
Отказ системы кондиционирования в локомотиве;ЦТО;Инженер по климату
Повреждение изолятора контактной сети;НТЭ;Электромонтер контактной сети
Повреждение изолятора контактной сети;НТЭ;Водитель автовышки
Повреждение изолятора контактной сети;НТЭ;Энергодиспетчер
Повреждение изолятора контактной сети;ДАВС;Крановщик
Повреждение изолятора контактной сети;ДЦУП;Диспетчер
Засорение дренажной системы;ДИ;Монтер пути
Засорение дренажной системы;ДИ;Бригадир пути
Засорение дренажной системы;ДАВС;Экскаваторщик
Засорение дренажной системы;ДАВС;Водитель
Засорение дренажной системы;НЦОП;Эколог
Повреждение переездного шлагбаума;СЦБ;Электромеханик СЦБ
Повреждение переездного шлагбаума;СЦБ;Электромонтер
Повреждение переездного шлагбаума;ДЦС;Дежурный по переезду
Повреждение переездного шлагбаума;ЦСС;Инженер связи
Повреждение переездного шлагбаума;ДЦУП;Диспетчер
Отказ системы канализации на вокзале;ЦТО;Слесарь-сантехник
Отказ системы канализации на вокзале;ЦТО;Инженер по канализации
Отказ системы канализации на вокзале;ДАВС;Водитель
Отказ системы канализации на вокзале;ФГП;Охранник
Отказ системы канализации на вокзале;ДЦС;Дежурный по станции
Обнаружение повреждения кабеля СЦБ;СЦБ;Электромеханик СЦБ
Обнаружение повреждения кабеля СЦБ;СЦБ;Электромонтер
Обнаружение повреждения кабеля СЦБ;ЦСС;Монтажник связи
Обнаружение повреждения кабеля СЦБ;ДЦУП;Диспетчер
Обнаружение повреждения кабеля СЦБ;ДЦС;Дежурный по станции
Повреждение колесной пары вагона;ЦТО;Осмотрщик вагонов
Повреждение колесной пары вагона;ЦТО;Мастер вагонного депо
Повреждение колесной пары вагона;ДЦС;Составитель поездов
Повреждение колесной пары вагона;ДЦС;Дежурный по станции
Повреждение колесной пары вагона;ЦТО;Инженер-диагност
Отказ системы отопления в вагоне;ЦТО;Слесарь по отоплению
Отказ системы отопления в вагоне;ЦТО;Инженер по теплоснабжению
Отказ системы отопления в вагоне;МВПС;Проводник
Отказ системы отопления в вагоне;МВПС;Начальник поезда
Отказ системы отопления в вагоне;ЦТО;Механик по вагонам
Обледенение стрелочного перевода;СЦБ;Электромеханик СЦБ
Обледенение стрелочного перевода;ДИ;Монтер пути
Обледенение стрелочного перевода;ДЦС;Дежурный по станции
Обледенение стрелочного перевода;ДАВС;Машинист снегоочистителя
Обледенение стрелочного перевода;ДЦУП;Диспетчер
Повреждение опоры ЛЭП;НТЭ;Электромонтер
Повреждение опоры ЛЭП;НТЭ;Энергетик
Повреждение опоры ЛЭП;ДАВС;Крановщик
Повреждение опоры ЛЭП;ДАВС;Водитель автовышки
Повреждение опоры ЛЭП;ДЦУП;Диспетчер энергоснабжения
Сход грузового вагона на перегоне;ДАВС;Машинист крана
Сход грузового вагона на перегоне;ДАВС;Стропальщик
Сход грузового вагона на перегоне;ДИ;Монтер пути
Сход грузового вагона на перегоне;ДИ;Бригадир пути
Сход грузового вагона на перегоне;ДЦУП;Диспетчер
Отказ системы вентиляции в депо;ЦТО;Механик по вентиляции
Отказ системы вентиляции в депо;ЦТО;Инженер по вентиляции
Отказ системы вентиляции в депо;НТЭ;Электромонтер
Отказ системы вентиляции в депо;Локомотивное депо;Машинист
Отказ системы вентиляции в депо;ЦТО;Электрик
Повреждение крепления рельса;ДИ;Монтер пути
Повреждение крепления рельса;ДИ;Бригадир пути
Повреждение крепления рельса;ЦТО;Инженер-диагност
Повреждение крепления рельса;ЦДИ;Оператор дефектоскопной тележки
Повреждение крепления рельса;ДЦУП;Диспетчер
Обнаружение постороннего запаха в вагоне;НЦОП;Химик-лаборант
Обнаружение постороннего запаха в вагоне;МЧС;Пожарный
Обнаружение постороннего запаха в вагоне;МЧС;Спасатель
Обнаружение постороннего запаха в вагоне;МВПС;Проводник
Обнаружение постороннего запаха в вагоне;МВПС;Начальник поезда
Отказ системы освещения в вагоне;ЦТО;Электрик
Отказ системы освещения в вагоне;ЦТО;Электромеханик
Отказ системы освещения в вагоне;МВПС;Проводник
Отказ системы освещения в вагоне;МВПС;Начальник поезда
Отказ системы освещения в вагоне;ЦТО;Инженер по освещению
Повреждение подушки пути;ДИ;Монтер пути
Повреждение подушки пути;ДИ;Бригадир пути
Повреждение подушки пути;ДАВС;Машинист путеукладчика
Повреждение подушки пути;ДАВС;Экскаваторщик
Повреждение подушки пути;ЦДИ;Инженер-диагност
Обрыв провода контактной сети;НТЭ;Электромонтер контактной сети
Обрыв провода контактной сети;НТЭ;Водитель автовышки
Обрыв провода контактной сети;НТЭ;Энергодиспетчер
Обрыв провода контактной сети;ДАВС;Крановщик
Обрыв провода контактной сети;ДЦУП;Диспетчер
Отказ системы водоснабжения в вагоне;ЦТО;Слесарь-сантехник
Отказ системы водоснабжения в вагоне;ЦТО;Инженер по водоснабжению
Отказ системы водоснабжения в вагоне;МВПС;Проводник
Отказ системы водоснабжения в вагоне;МВПС;Начальник поезда
Отказ системы водоснабжения в вагоне;ЦТО;Механик по вагонам
Повреждение балласта на станции;ДИ;Монтер пути
Повреждение балласта на станции;ДИ;Бригадир пути
Повреждение балласта на станции;ДАВС;Машинист путеукладчика
Повреждение балласта на станции;ДАВС;Экскаваторщик
Повреждение балласта на станции;ДЦС;Дежурный по станции
Обнаружение повреждения изоляции кабеля;НТЭ;Электромонтер
Обнаружение повреждения изоляции кабеля;НТЭ;Энергетик
Обнаружение повреждения изоляции кабеля;ЦСС;Монтажник связи
Обнаружение повреждения изоляции кабеля;ДЦУП;Диспетчер
Обнаружение повреждения изоляции кабеля;НТЭ;Инженер по изоляции
Отказ системы пожарной сигнализации;МЧС;Пожарный
Отказ системы пожарной сигнализации;МЧС;Инженер по пожарной безопасности
Отказ системы пожарной сигнализации;ЦТО;Слесарь КИП
Отказ системы пожарной сигнализации;ФГП;Охранник
Отказ системы пожарной сигнализации;ДЦС;Дежурный по станции
Повреждение стыка рельса;ДИ;Монтер пути
Повреждение стыка рельса;ДИ;Бригадир пути
Повреждение стыка рельса;ЦТО;Инженер-диагност
Повреждение стыка рельса;ЦДИ;Оператор дефектоскопной тележки
Повреждение стыка рельса;ДЦУП;Диспетчер
Обнаружение разлива масла на путях;НЦОП;Эколог
Обнаружение разлива масла на путях;НЦОП;Лаборант
Обнаружение разлива масла на путях;ДАВС;Водитель
Обнаружение разлива масла на путях;ДАВС;Машинист насосной установки
Обнаружение разлива масла на путях;МЧС;Пожарный
Отказ системы связи на перегоне;ЦСС;Радист
Отказ системы связи на перегоне;ЦСС;Инженер связи
Отказ системы связи на перегоне;ЦСС;Монтажник связи
Отказ системы связи на перегоне;Локомотивное депо;Машинист
Отказ системы связи на перегоне;ДЦУП;Диспетчер
Повреждение мостового полотна;ДИ;Мостостроитель
Повреждение мостового полотна;ДИ;Монтер пути
Повреждение мостового полотна;ДАВС;Крановщик
Повреждение мостового полотна;ДАВС;Водолаз
Повреждение мостового полотна;ЦДИ;Инженер-диагност
Обнаружение трещины в опоре моста;ДИ;Мостостроитель
Обнаружение трещины в опоре моста;ДИ;Геодезист
Обнаружение трещины в опоре моста;ЦДИ;Инженер-диагност
Обнаружение трещины в опоре моста;ДАВС;Крановщик
Обнаружение трещины в опоре моста;НЦОП;Эколог
Отказ системы оповещения в тоннеле;ЦЧС;Оператор системы оповещения
Отказ системы оповещения в тоннеле;ЦСС;Инженер связи
Отказ системы оповещения в тоннеле;ЦТО;Электрик
Отказ системы оповещения в тоннеле;МЧС;Спасатель
Отказ системы оповещения в тоннеле;ДЦУП;Диспетчер
Повреждение противоугонных устройств;ДИ;Монтер пути
Повреждение противоугонных устройств;ДИ;Бригадир пути
Повреждение противоугонных устройств;ДАВС;Машинист путеукладчика
Повреждение противоугонных устройств;ЦДИ;Оператор дефектоскопной тележки
Повреждение противоугонных устройств;ДЦУП;Диспетчер
Обнаружение повреждения трубопровода;ЦТО;Слесарь-сантехник
Обнаружение повреждения трубопровода;ЦТО;Инженер по трубопроводам
Обнаружение повреждения трубопровода;ДАВС;Экскаваторщик
Обнаружение повреждения трубопровода;НЦОП;Эколог
Обнаружение повреждения трубопровода;ДЦС;Дежурный по станции
Отказ системы кондиционирования в служебном помещении;ЦТО;Механик по вентиляции
Отказ системы кондиционирования в служебном помещении;ЦТО;Электромеханик
Отказ системы кондиционирования в служебном помещении;НТЭ;Энергетик
Отказ системы кондиционирования в служебном помещении;ЦТО;Инженер по климату
Отказ системы кондиционирования в служебном помещении;ФГП;Охранник
Повреждение фиксатора контактной сети;НТЭ;Электромонтер контактной сети
Повреждение фиксатора контактной сети;НТЭ;Водитель автовышки
Повреждение фиксатора контактной сети;НТЭ;Энергодиспетчер
Повреждение фиксатора контактной сети;ДАВС;Крановщик
Повреждение фиксатора контактной сети;ДЦУП;Диспетчер
Засорение водосточной трубы;ДИ;Монтер пути
Засорение водосточной трубы;ДИ;Бригадир пути
Засорение водосточной трубы;ДАВС;Экскаваторщик
Засорение водосточной трубы;ДАВС;Водитель
Засорение водосточной трубы;НЦОП;Эколог
Повреждение переездной сигнализации на переезде;СЦБ;Электромеханик СЦБ
Повреждение переездной сигнализации на переезде;СЦБ;Электромонтер
Повреждение переездной сигнализации на переезде;ДЦС;Дежурный по переезду
Повреждение переездной сигнализации на переезде;ЦСС;Инженер связи
Повреждение переездной сигнализации на переезде;ДЦУП;Диспетчер
Отказ системы канализации в депо;ЦТО;Слесарь-сантехник
Отказ системы канализации в депо;ЦТО;Инженер по канализации
Отказ системы канализации в депо;ДАВС;Водитель
Отказ системы канализации в депо;Локомотивное депо;Машинист
Отказ системы канализации в депо;ФГП;Охранник
Обнаружение повреждения кабеля питания;НТЭ;Электромонтер
Обнаружение повреждения кабеля питания;НТЭ;Энергетик
Обнаружение повреждения кабеля питания;ЦСС;Монтажник связи
Обнаружение повреждения кабеля питания;ДЦУП;Диспетчер
Обнаружение повреждения кабеля питания;НТЭ;Инженер по кабелям
Повреждение автосцепки вагона;ЦТО;Осмотрщик вагонов
Повреждение автосцепки вагона;ЦТО;Мастер вагонного депо
Повреждение автосцепки вагона;ДЦС;Составитель поездов
Повреждение автосцепки вагона;ДЦС;Дежурный по станции
Повреждение автосцепки вагона;ЦТО;Инженер-диагност
Отказ системы отопления в служебном помещении;ЦТО;Слесарь по отоплению
Отказ системы отопления в служебном помещении;ЦТО;Инженер по теплоснабжению
Отказ системы отопления в служебном помещении;НТЭ;Энергетик
Отказ системы отопления в служебном помещении;ЦТО;Электрик
Отказ системы отопления в служебном помещении;ФГП;Охранник
Обледенение контактной сети на станции;НТЭ;Электромонтер контактной сети
Обледенение контактной сети на станции;НТЭ;Водитель автовышки
Обледенение контактной сети на станции;НТЭ;Энергодиспетчер
Обледенение контактной сети на станции;ДЦС;Дежурный по станции
Обледенение контактной сети на станции;ДЦУП;Диспетчер
Повреждение фундамента опоры ЛЭП;НТЭ;Электромонтер
Повреждение фундамента опоры ЛЭП;НТЭ;Энергетик
Повреждение фундамента опоры ЛЭП;ДАВС;Крановщик
Повреждение фундамента опоры ЛЭП;ДАВС;Экскаваторщик
Повреждение фундамента опоры ЛЭП;ДЦУП;Диспетчер энергоснабжения
Сход пассажирского вагона на станции;ДАВС;Машинист крана
Сход пассажирского вагона на станции;ДАВС;Стропальщик
Сход пассажирского вагона на станции;ДИ;Монтер пути
Сход пассажирского вагона на станции;ДИ;Бригадир пути
Сход пассажирского вагона на станции;ДЦС;Дежурный по станции
Отказ системы вентиляции в вагоне;ЦТО;Механик по вентиляции
Отказ системы вентиляции в вагоне;ЦТО;Инженер по вентиляции
Отказ системы вентиляции в вагоне;МВПС;Проводник
Отказ системы вентиляции в вагоне;МВПС;Начальник поезда
Отказ системы вентиляции в вагоне;ЦТО;Электрик
Повреждение рельсовой цепи;СЦБ;Электромеханик СЦБ
Повреждение рельсовой цепи;СЦБ;Электромонтер
Повреждение рельсовой цепи;ДИ;Монтер пути
Повреждение рельсовой цепи;ДЦУП;Диспетчер
Повреждение рельсовой цепи;ДЦС;Дежурный по станции
Обнаружение постороннего предмета в тоннеле;МЧС;Спасатель
Обнаружение постороннего предмета в тоннеле;МЧС;Пожарный
Обнаружение постороннего предмета в тоннеле;ФГП;Охранник
Обнаружение постороннего предмета в тоннеле;ДЦУП;Диспетчер
Обнаружение постороннего предмета в тоннеле;МЧС;Горноспасатель
Отказ системы освещения в тоннеле;НТЭ;Электромонтер
Отказ системы освещения в тоннеле;НТЭ;Энергетик
Отказ системы освещения в тоннеле;ЦТО;Электрик
Отказ системы освещения в тоннеле;МЧС;Спасатель
Отказ системы освещения в тоннеле;ДЦУП;Диспетчер
Повреждение подкладки рельса;ДИ;Монтер пути
Повреждение подкладки рельса;ДИ;Бригадир пути
Повреждение подкладки рельса;ЦТО;Инженер-диагност
Повреждение подкладки рельса;ЦДИ;Оператор дефектоскопной тележки
Повреждение подкладки рельса;ДЦУП;Диспетчер
Обнаружение разлива химикатов;НЦОП;Химик-лаборант
Обнаружение разлива химикатов;НЦОП;Эколог
Обнаружение разлива химикатов;МЧС;Пожарный
Обнаружение разлива химикатов;МЧС;Спасатель
Обнаружение разлива химикатов;ДАВС;Машинист насосной установки
Отказ системы водоснабжения в депо;ЦТО;Слесарь-сантехник
Отказ системы водоснабжения в депо;ЦТО;Инженер по водоснабжению
Отказ системы водоснабжения в депо;НТЭ;Энергетик
Отказ системы водоснабжения в депо;Локомотивное депо;Машинист
Отказ системы водоснабжения в депо;ФГП;Охранник
Повреждение балласта на перегоне;ДИ;Монтер пути
Повреждение балласта на перегоне;ДИ;Бригадир пути
Повреждение балласта на перегоне;ДАВС;Машинист путеукладчика
Повреждение балласта на перегоне;ДАВС;Экскаваторщик
Повреждение балласта на перегоне;ЦДИ;Инженер-диагност
Обнаружение повреждения изоляции провода;НТЭ;Электромонтер
Обнаружение повреждения изоляции провода;НТЭ;Энергетик
Обнаружение повреждения изоляции провода;ЦСС;Монтажник связи
Обнаружение повреждения изоляции провода;ДЦУП;Диспетчер
Обнаружение повреждения изоляции провода;НТЭ;Инженер по изоляции
Отказ системы пожаротушения в вагоне;МЧС;Пожарный
Отказ системы пожаротушения в вагоне;МЧС;Инженер по пожарной безопасности
Отказ системы пожаротушения в вагоне;ЦТО;Слесарь КИП
Отказ системы пожаротушения в вагоне;МВПС;Проводник
Отказ системы пожаротушения в вагоне;МВПС;Начальник поезда
Повреждение накладки рельса;ДИ;Монтер пути
Повреждение накладки рельса;ДИ;Бригадир пути
Повреждение накладки рельса;ЦТО;Инженер-диагност
Повреждение накладки рельса;ЦДИ;Оператор дефектоскопной тележки
Повреждение накладки рельса;ДЦУП;Диспетчер
Обнаружение разлива топлива в депо;НЦОП;Эколог
Обнаружение разлива топлива в депо;НЦОП;Лаборант
Обнаружение разлива топлива в депо;ДАВС;Водитель
Обнаружение разлива топлива в депо;ДАВС;Машинист насосной установки
Обнаружение разлива топлива в депо;МЧС;Пожарный
Отказ системы связи на станции;ЦСС;Радист
Отказ системы связи на станции;ЦСС;Инженер связи
Отказ системы связи на станции;ЦСС;Монтажник связи
Отказ системы связи на станции;ДЦС;Дежурный по станции
Отказ системы связи на станции;ДЦУП;Диспетчер
Повреждение пролетного строения моста;ДИ;Мостостроитель
Повреждение пролетного строения моста;ДИ;Монтер пути
Повреждение пролетного строения моста;ДАВС;Крановщик
Повреждение пролетного строения моста;ДАВС;Водолаз
Повреждение пролетного строения моста;ЦДИ;Инженер-диагност
Обнаружение трещины в балке моста;ДИ;Мостостроитель
Обнаружение трещины в балке моста;ДИ;Геодезист
Обнаружение трещины в балке моста;ЦДИ;Инженер-диагност
Обнаружение трещины в балке моста;ДАВС;Крановщик
Обнаружение трещины в балке моста;НЦОП;Эколог
Отказ системы оповещения на вокзале;ЦЧС;Оператор системы оповещения
Отказ системы оповещения на вокзале;ЦСС;Инженер связи
Отказ системы оповещения на вокзале;ЦТО;Электрик
Отказ системы оповещения на вокзале;ФГП;Охранник
Отказ системы оповещения на вокзале;ДЦС;Дежурный по станции
Повреждение рельсовых скреплений;ДИ;Монтер пути
Повреждение рельсовых скреплений;ДИ;Бригадир пути
Повреждение рельсовых скреплений;ДАВС;Машинист путеукладчика
Повреждение рельсовых скреплений;ЦДИ;Оператор дефектоскопной тележки
Повреждение рельсовых скреплений;ДЦУП;Диспетчер
Обнаружение повреждения водопровода;ЦТО;Слесарь-сантехник
Обнаружение повреждения водопровода;ЦТО;Инженер по водоснабжению
Обнаружение повреждения водопровода;ДАВС;Экскаваторщик
Обнаружение повреждения водопровода;НЦОП;Эколог
Обнаружение повреждения водопровода;ДЦС;Дежурный по станции
Отказ системы кондиционирования в вагоне-ресторане;ЦТО;Механик по вентиляции
Отказ системы кондиционирования в вагоне-ресторане;ЦТО;Электромеханик
Отказ системы кондиционирования в вагоне-ресторане;МВПС;Проводник
Отказ системы кондиционирования в вагоне-ресторане;МВПС;Начальник поезда
Отказ системы кондиционирования в вагоне-ресторане;ЦТО;Инженер по климату
Повреждение подвески контактной сети;НТЭ;Электромонтер контактной сети
Повреждение подвески контактной сети;НТЭ;Водитель автовышки
Повреждение подвески контактной сети;НТЭ;Энергодиспетчер
Повреждение подвески контактной сети;ДАВС;Крановщик
Повреждение подвески контактной сети;ДЦУП;Диспетчер
Засорение ливневой канализации;ДИ;Монтер пути
Засорение ливневой канализации;ДИ;Бригадир пути
Засорение ливневой канализации;ДАВС;Экскаваторщик
Засорение ливневой канализации;ДАВС;Водитель
Засорение ливневой канализации;НЦОП;Эколог
Повреждение автоматической переездной сигнализации;СЦБ;Электромеханик СЦБ
Повреждение автоматической переездной сигнализации;СЦБ;Электромонтер
Повреждение автоматической переездной сигнализации;ДЦС;Дежурный по переезду
Повреждение автоматической переездной сигнализации;ЦСС;Инженер связи
Повреждение автоматической переездной сигнализации;ДЦУП;Диспетчер
Отказ системы канализации на вокзале;ЦТО;Слесарь-сантехник
Отказ системы канализации на вокзале;ЦТО;Инженер по канализации
Отказ системы канализации на вокзале;ДАВС;Водитель
Отказ системы канализации на вокзале;ФГП;Охранник
Отказ системы канализации на вокзале;ДЦС;Дежурный по станции
Обнаружение повреждения опоры контактной сети;НТЭ;Электромонтер контактной сети
Обнаружение повреждения опоры контактной сети;НТЭ;Водитель автовышки
Обнаружение повреждения опоры контактной сети;НТЭ;Энергодиспетчер
Обнаружение повреждения опоры контактной сети;ДАВС;Крановщик
Обнаружение повреждения опоры контактной сети;ДЦУП;Диспетчер
Повреждение тормозной системы вагона;ЦТО;Осмотрщик вагонов
Повреждение тормозной системы вагона;ЦТО;Мастер вагонного депо
Повреждение тормозной системы вагона;ДЦС;Составитель поездов
Повреждение тормозной системы вагона;ДЦС;Дежурный по станции
Повреждение тормозной системы вагона;ЦТО;Инженер-диагност
Отказ системы отопления в вагоне-ресторане;ЦТО;Слесарь по отоплению
Отказ системы отопления в вагоне-ресторане;ЦТО;Инженер по теплоснабжению
Отказ системы отопления в вагоне-ресторане;МВПС;Проводник
Отказ системы отопления в вагоне-ресторане;МВПС;Начальник поезда
Отказ системы отопления в вагоне-ресторане;ЦТО;Механик по вагонам
Обледенение стрелочных переводов;СЦБ;Электромеханик СЦБ
Обледенение стрелочных переводов;ДИ;Монтер пути
Обледенение стрелочных переводов;ДЦС;Дежурный по станции
Обледенение стрелочных переводов;ДАВС;Машинист снегоочистителя
Обледенение стрелочных переводов;ДЦУП;Диспетчер
Повреждение провода ЛЭП;НТЭ;Электромонтер
Повреждение провода ЛЭП;НТЭ;Энергетик
Повреждение провода ЛЭП;ДАВС;Крановщик
Повреждение провода ЛЭП;ДАВС;Водитель автовышки
Повреждение провода ЛЭП;ДЦУП;Диспетчер энергоснабжения
Сход локомотива на перегоне;ДАВС;Машинист крана
Сход локомотива на перегоне;ДАВС;Стропальщик
Сход локомотива на перегоне;ДИ;Монтер пути
Сход локомотива на перегоне;ДИ;Бригадир пути
Сход локомотива на перегоне;Локомотивное депо;Машинист
Отказ системы вентиляции в служебном помещении;ЦТО;Механик по вентиляции
Отказ системы вентиляции в служебном помещении;ЦТО;Инженер по вентиляции
Отказ системы вентиляции в служебном помещении;НТЭ;Электромонтер
Отказ системы вентиляции в служебном помещении;ЦТО;Электрик
Отказ системы вентиляции в служебном помещении;ФГП;Охранник
Повреждение рельсовой нити;ДИ;Монтер пути
Повреждение рельсовой нити;ДИ;Бригадир пути
Повреждение рельсовой нити;ЦТО;Инженер-диагност
Повреждение рельсовой нити;ЦДИ;Оператор дефектоскопной тележки
Повреждение рельсовой нити;ДЦУП;Диспетчер
Обнаружение постороннего предмета на переезде;ДЦС;Дежурный по переезду
Обнаружение постороннего предмета на переезде;ФГП;Охранник
Обнаружение постороннего предмета на переезде;МЧС;Спасатель
Обнаружение постороннего предмета на переезде;ДЦУП;Диспетчер
Обнаружение постороннего предмета на переезде;МВД;Полицейский
Отказ системы освещения на переезде;НТЭ;Электромонтер
Отказ системы освещения на переезде;НТЭ;Энергетик
Отказ системы освещения на переезде;ЦТО;Электрик
Отказ системы освещения на переезде;ДЦС;Дежурный по переезду
Отказ системы освещения на переезде;ДЦУП;Диспетчер
Повреждение подрельсового основания;ДИ;Монтер пути
Повреждение подрельсового основания;ДИ;Бригадир пути
Повреждение подрельсового основания;ДАВС;Машинист путеукладчика
Повреждение подрельсового основания;ДАВС;Экскаваторщик
Повреждение подрельсового основания;ЦДИ;Инженер-диагност
Обнаружение разлива нефтепродуктов;НЦОП;Эколог
Обнаружение разлива нефтепродуктов;НЦОП;Лаборант
Обнаружение разлива нефтепродуктов;ДАВС;Водитель
Обнаружение разлива нефтепродуктов;ДАВС;Машинист насосной установки
Обнаружение разлива нефтепродуктов;МЧС;Пожарный
Отказ системы водоснабжения на вокзале;ЦТО;Слесарь-сантехник
Отказ системы водоснабжения на вокзале;ЦТО;Инженер по водоснабжению
Отказ системы водоснабжения на вокзале;ДАВС;Водитель
Отказ системы водоснабжения на вокзале;ФГП;Охранник
Отказ системы водоснабжения на вокзале;ДЦС;Дежурный по станции
Повреждение балласта на станции;ДИ;Монтер пути
Повреждение балласта на станции;ДИ;Бригадир пути
Повреждение балласта на станции;ДАВС;Машинист путеукладчика
Повреждение балласта на станции;ДАВС;Экскаваторщик
Повреждение балласта на станции;ДЦС;Дежурный по станции
Обнаружение повреждения изоляции кабеля;НТЭ;Электромонтер
Обнаружение повреждения изоляции кабеля;НТЭ;Энергетик
Обнаружение повреждения изоляции кабеля;ЦСС;Монтажник связи
Обнаружение повреждения изоляции кабеля;ДЦУП;Диспетчер
Обнаружение повреждения изоляции кабеля;НТЭ;Инженер по изоляции
Отказ системы пожарной сигнализации;МЧС;Пожарный
Отказ системы пожарной сигнализации;МЧС;Инженер по пожарной безопасности
Отказ системы пожарной сигнализации;ЦТО;Слесарь КИП
Отказ системы пожарной сигнализации;ФГП;Охранник
Отказ системы пожарной сигнализации;ДЦС;Дежурный по станции
Повреждение стыка рельса;ДИ;Монтер пути
Повреждение стыка рельса;ДИ;Бригадир пути
Повреждение стыка рельса;ЦТО;Инженер-диагност
Повреждение стыка рельса;ЦДИ;Оператор дефектоскопной тележки
Повреждение стыка рельса;ДЦУП;Диспетчер
Обнаружение разлива масла на путях;НЦОП;Эколог
Обнаружение разлива масла на путях;НЦОП;Лаборант
Обнаружение разлива масла на путях;ДАВС;Водитель
Обнаружение разлива масла на путях;ДАВС;Машинист насосной установки
Обнаружение разлива масла на путях;МЧС;Пожарный
Отказ системы связи на перегоне;ЦСС;Радист
Отказ системы связи на перегоне;ЦСС;Инженер связи
Отказ системы связи на перегоне;ЦСС;Монтажник связи
Отказ системы связи на перегоне;Локомотивное депо;Машинист
Отказ системы связи на перегоне;ДЦУП;Диспетчер
Повреждение мостового полотна;ДИ;Мостостроитель
Повреждение мостового полотна;ДИ;Монтер пути
Повреждение мостового полотна;ДАВС;Крановщик
Повреждение мостового полотна;ДАВС;Водолаз
Повреждение мостового полотна;ЦДИ;Инженер-диагност
Обнаружение трещины в опоре моста;ДИ;Мостостроитель
Обнаружение трещины в опоре моста;ДИ;Геодезист
Обнаружение трещины в опоре моста;ЦДИ;Инженер-диагност
Обнаружение трещины в опоре моста;ДАВС;Крановщик
Обнаружение трещины в опоре моста;НЦОП;Эколог
Отказ системы оповещения в тоннеле;ЦЧС;Оператор системы оповещения
Отказ системы оповещения в тоннеле;ЦСС;Инженер связи
Отказ системы оповещения в тоннеле;ЦТО;Электрик
Отказ системы оповещения в тоннеле;МЧС;Спасатель
Отказ системы оповещения в тоннеле;ДЦУП;Диспетчер
Повреждение противоугонных устройств;ДИ;Монтер пути
Повреждение противоугонных устройств;ДИ;Бригадир пути
Повреждение противоугонных устройств;ДАВС;Машинист путеукладчика
Повреждение противоугонных устройств;ЦДИ;Оператор дефектоскопной тележки
Повреждение противоугонных устройств;ДЦУП;Диспетчер
Обнаружение повреждения трубопровода;ЦТО;Слесарь-сантехник
Обнаружение повреждения трубопровода;ЦТО;Инженер по трубопроводам
Обнаружение повреждения трубопровода;ДАВС;Экскаваторщик
Обнаружение повреждения трубопровода;НЦОП;Эколог
Обнаружение повреждения трубопровода;ДЦС;Дежурный по станции
Отказ системы кондиционирования в служебном помещении;ЦТО;Механик по вентиляции
Отказ системы кондиционирования в служебном помещении;ЦТО;Электромеханик
Отказ системы кондиционирования в служебном помещении;НТЭ;Энергетик
Отказ системы кондиционирования в служебном помещении;ЦТО;Инженер по климату
Отказ системы кондиционирования в служебном помещении;ФГП;Охранник
Повреждение фиксатора контактной сети;НТЭ;Электромонтер контактной сети
Повреждение фиксатора контактной сети;НТЭ;Водитель автовышки
Повреждение фиксатора контактной сети;НТЭ;Энергодиспетчер
Повреждение фиксатора контактной сети;ДАВС;Крановщик
Повреждение фиксатора контактной сети;ДЦУП;Диспетчер
Засорение водосточной трубы;ДИ;Монтер пути
Засорение водосточной трубы;ДИ;Бригадир пути
Засорение водосточной трубы;ДАВС;Экскаваторщик
Засорение водосточной трубы;ДАВС;Водитель
Засорение водосточной трубы;НЦОП;Эколог
Повреждение переездной сигнализации на переезде;СЦБ;Электромеханик СЦБ
Повреждение переездной сигнализации на переезде;СЦБ;Электромонтер
Повреждение переездной сигнализации на переезде;ДЦС;Дежурный по переезду
Повреждение переездной сигнализации на переезде;ЦСС;Инженер связи
Повреждение переездной сигнализации на переезде;ДЦУП;Диспетчер
Отказ системы канализации в депо;ЦТО;Слесарь-сантехник
Отказ системы канализации в депо;ЦТО;Инженер по канализации
Отказ системы канализации в депо;ДАВС;Водитель
Отказ системы канализации в депо;Локомотивное депо;Машинист
Отказ системы канализации в депо;ФГП;Охранник
Обнаружение повреждения кабеля питания;НТЭ;Электромонтер
Обнаружение повреждения кабеля питания;НТЭ;Энергетик
Обнаружение повреждения кабеля питания;ЦСС;Монтажник связи
Обнаружение повреждения кабеля питания;ДЦУП;Диспетчер
Обнаружение повреждения кабеля питания;НТЭ;Инженер по кабелям
Повреждение автосцепки вагона;ЦТО;Осмотрщик вагонов
Повреждение автосцепки вагона;ЦТО;Мастер вагонного депо
Повреждение автосцепки вагона;ДЦС;Составитель поездов
Повреждение автосцепки вагона;ДЦС;Дежурный по станции
Повреждение автосцепки вагона;ЦТО;Инженер-диагност
Отказ системы отопления в служебном помещении;ЦТО;Слесарь по отоплению
Отказ системы отопления в служебном помещении;ЦТО;Инженер по теплоснабжению
Отказ системы отопления в служебном помещении;НТЭ;Энергетик
Отказ системы отопления в служебном помещении;ЦТО;Электрик
Отказ системы отопления в служебном помещении;ФГП;Охранник
Обледенение контактной сети на станции;НТЭ;Электромонтер контактной сети
Обледенение контактной сети на станции;НТЭ;Водитель автовышки
Обледенение контактной сети на станции;НТЭ;Энергодиспетчер
Обледенение контактной сети на станции;ДЦС;Дежурный по станции
Обледенение контактной сети на станции;ДЦУП;Диспетчер
Повреждение фундамента опоры ЛЭП;НТЭ;Электромонтер
Повреждение фундамента опоры ЛЭП;НТЭ;Энергетик
Повреждение фундамента опоры ЛЭП;ДАВС;Крановщик
Повреждение фундамента опоры ЛЭП;ДАВС;Экскаваторщик
Повреждение фундамента опоры ЛЭП;ДЦУП;Диспетчер энергоснабжения
Сход пассажирского вагона на станции;ДАВС;Машинист крана
Сход пассажирского вагона на станции;ДАВС;Стропальщик
Сход пассажирского вагона на станции;ДИ;Монтер пути
Сход пассажирского вагона на станции;ДИ;Бригадир пути
Сход пассажирского вагона на станции;ДЦС;Дежурный по станции
Отказ системы вентиляции в вагоне;ЦТО;Механик по вентиляции
Отказ системы вентиляции в вагоне;ЦТО;Инженер по вентиляции
Отказ системы вентиляции в вагоне;МВПС;Проводник
Отказ системы вентиляции в вагоне;МВПС;Начальник поезда
Отказ системы вентиляции в вагоне;ЦТО;Электрик
Повреждение рельсовой цепи;СЦБ;Электромеханик СЦБ
Повреждение рельсовой цепи;СЦБ;Электромонтер
Повреждение рельсовой цепи;ДИ;Монтер пути
Повреждение рельсовой цепи;ДЦУП;Диспетчер
Повреждение рельсовой цепи;ДЦС;Дежурный по станции
Обнаружение постороннего предмета в тоннеле;МЧС;Спасатель
Обнаружение постороннего предмета в тоннеле;МЧС;Пожарный
Обнаружение постороннего предмета в тоннеле;ФГП;Охранник
Обнаружение постороннего предмета в тоннеле;ДЦУП;Диспетчер
Обнаружение постороннего предмета в тоннеле;МЧС;Горноспасатель
Отказ системы освещения в тоннеле;НТЭ;Электромонтер
Отказ системы освещения в тоннеле;НТЭ;Энергетик
Отказ системы освещения в тоннеле;ЦТО;Электрик
Отказ системы освещения в тоннеле;МЧС;Спасатель
Отказ системы освещения в тоннеле;ДЦУП;Диспетчер
Повреждение подкладки рельса;ДИ;Монтер пути
Повреждение подкладки рельса;ДИ;Бригадир пути
Повреждение подкладки рельса;ЦТО;Инженер-диагност
Повреждение подкладки рельса;ЦДИ;Оператор дефектоскопной тележки
Повреждение подкладки рельса;ДЦУП;Диспетчер
Обнаружение разлива химикатов;НЦОП;Химик-лаборант
Обнаружение разлива химикатов;НЦОП;Эколог
Обнаружение разлива химикатов;МЧС;Пожарный
Обнаружение разлива химикатов;МЧС;Спасатель
Обнаружение разлива химикатов;ДАВС;Машинист насосной установки
Отказ системы водоснабжения в депо;ЦТО;Слесарь-сантехник
Отказ системы водоснабжения в депо;ЦТО;Инженер по водоснабжению
Отказ системы водоснабжения в депо;НТЭ;Энергетик
Отказ системы водоснабжения в депо;Локомотивное депо;Машинист
Отказ системы водоснабжения в депо;ФГП;Охранник
Повреждение балласта на перегоне;ДИ;Монтер пути
Повреждение балласта на перегоне;ДИ;Бригадир пути
Повреждение балласта на перегоне;ДАВС;Машинист путеукладчика
Повреждение балласта на перегоне;ДАВС;Экскаваторщик
Повреждение балласта на перегоне;ЦДИ;Инженер-диагност
Обнаружение повреждения изоляции провода;НТЭ;Электромонтер
Обнаружение повреждения изоляции провода;НТЭ;Энергетик
Обнаружение повреждения изоляции провода;ЦСС;Монтажник связи
Обнаружение повреждения изоляции провода;ДЦУП;Диспетчер
Обнаружение повреждения изоляции провода;НТЭ;Инженер по изоляции
Отказ системы пожаротушения в вагоне;МЧС;Пожарный
Отказ системы пожаротушения в вагоне;МЧС;Инженер по пожарной безопасности
Отказ системы пожаротушения в вагоне;ЦТО;Слесарь КИП
Отказ системы пожаротушения в вагоне;МВПС;Проводник
Отказ системы пожаротушения в вагоне;МВПС;Начальник поезда
Повреждение накладки рельса;ДИ;Монтер пути
Повреждение накладки рельса;ДИ;Бригадир пути
Повреждение накладки рельса;ЦТО;Инженер-диагност
Повреждение накладки рельса;ЦДИ;Оператор дефектоскопной тележки
Повреждение накладки рельса;ДЦУП;Диспетчер
Обнаружение разлива топлива в депо;НЦОП;Эколог
Обнаружение разлива топлива в депо;НЦОП;Лаборант
Обнаружение разлива топлива в депо;ДАВС;Водитель
Обнаружение разлива топлива в депо;ДАВС;Машинист насосной установки
Обнаружение разлива топлива в депо;МЧС;Пожарный
Отказ системы связи на станции;ЦСС;Радист
Отказ системы связи на станции;ЦСС;Инженер связи
Отказ системы связи на станции;ЦСС;Монтажник связи
Отказ системы связи на станции;ДЦС;Дежурный по станции
Отказ системы связи на станции;ДЦУП;Диспетчер
Повреждение пролетного строения моста;ДИ;Мостостроитель
Повреждение пролетного строения моста;ДИ;Монтер пути
Повреждение пролетного строения моста;ДАВС;Крановщик
Повреждение пролетного строения моста;ДАВС;Водолаз
Повреждение пролетного строения моста;ЦДИ;Инженер-диагност
Обнаружение трещины в балке моста;ДИ;Мостостроитель
Обнаружение трещины в балке моста;ДИ;Геодезист
Обнаружение трещины в балке моста;ЦДИ;Инженер-диагност
Обнаружение трещины в балке моста;ДАВС;Крановщик
Обнаружение трещины в балке моста;НЦОП;Эколог
Отказ системы оповещения на вокзале;ЦЧС;Оператор системы оповещения
Отказ системы оповещения на вокзале;ЦСС;Инженер связи
Отказ системы оповещения на вокзале;ЦТО;Электрик
Отказ системы оповещения на вокзале;ФГП;Охранник
Отказ системы оповещения на вокзале;ДЦС;Дежурный по станции
Повреждение рельсовых скреплений;ДИ;Монтер пути
Повреждение рельсовых скреплений;ДИ;Бригадир пути
Повреждение рельсовых скреплений;ДАВС;Машинист путеукладчика
Повреждение рельсовых скреплений;ЦДИ;Оператор дефектоскопной тележки
Повреждение рельсовых скреплений;ДЦУП;Диспетчер
Обнаружение повреждения водопровода;ЦТО;Слесарь-сантехник
Обнаружение повреждения водопровода;ЦТО;Инженер по водоснабжению
Обнаружение повреждения водопровода;ДАВС;Экскаваторщик
Обнаружение повреждения водопровода;НЦОП;Эколог
Обнаружение повреждения водопровода;ДЦС;Дежурный по станции
Отказ системы кондиционирования в вагоне-ресторане;ЦТО;Механик по вентиляции
Отказ системы кондиционирования в вагоне-ресторане;ЦТО;Электромеханик
Отказ системы кондиционирования в вагоне-ресторане;МВПС;Проводник
Отказ системы кондиционирования в вагоне-ресторане;МВПС;Начальник поезда
Отказ системы кондиционирования в вагоне-ресторане;ЦТО;Инженер по климату
Повреждение подвески контактной сети;НТЭ;Электромонтер контактной сети
Повреждение подвески контактной сети;НТЭ;Водитель автовышки
Повреждение подвески контактной сети;НТЭ;Энергодиспетчер
Повреждение подвески контактной сети;ДАВС;Крановщик
Повреждение подвески контактной сети;ДЦУП;Диспетчер
Засорение ливневой канализации;ДИ;Монтер пути
Засорение ливневой канализации;ДИ;Бригадир пути
Засорение ливневой канализации;ДАВС;Экскаваторщик
Засорение ливневой канализации;ДАВС;Водитель
Засорение ливневой канализации;НЦОП;Эколог
Повреждение автоматической переездной сигнализации;СЦБ;Электромеханик СЦБ
Повреждение автоматической переездной сигнализации;СЦБ;Электромонтер
Повреждение автоматической переездной сигнализации;ДЦС;Дежурный по переезду
Повреждение автоматической переездной сигнализации;ЦСС;Инженер связи
Повреждение автоматической переездной сигнализации;ДЦУП;Диспетчер
Отказ системы канализации на вокзале;ЦТО;Слесарь-сантехник
Отказ системы канализации на вокзале;ЦТО;Инженер по канализации
Отказ системы канализации на вокзале;ДАВС;Водитель
Отказ системы канализации на вокзале;ФГП;Охранник
Отказ системы канализации на вокзале;ДЦС;Дежурный по станции
Обнаружение повреждения опоры контактной сети;НТЭ;Электромонтер контактной сети
Обнаружение повреждения опоры контактной сети;НТЭ;Водитель автовышки
Обнаружение повреждения опоры контактной сети;НТЭ;Энергодиспетчер
Обнаружение повреждения опоры контактной сети;ДАВС;Крановщик
Обнаружение повреждения опоры контактной сети;ДЦУП;Диспетчер
Повреждение тормозной системы вагона;ЦТО;Осмотрщик вагонов
Повреждение тормозной системы вагона;ЦТО;Мастер вагонного депо
Повреждение тормозной системы вагона;ДЦС;Составитель поездов
Повреждение тормозной системы вагона;ДЦС;Дежурный по станции
Повреждение тормозной системы вагона;ЦТО;Инженер-диагност
Отказ системы отопления в вагоне-ресторане;ЦТО;Слесарь по отоплению
Отказ системы отопления в вагоне-ресторане;ЦТО;Инженер по теплоснабжению
Отказ системы отопления в вагоне-ресторане;МВПС;Проводник
Отказ системы отопления в вагоне-ресторане;МВПС;Начальник поезда
Отказ системы отопления в вагоне-ресторане;ЦТО;Механик по вагонам
Обледенение стрелочных переводов;СЦБ;Электромеханик СЦБ
Обледенение стрелочных переводов;ДИ;Монтер пути
Обледенение стрелочных переводов;ДЦС;Дежурный по станции
Обледенение стрелочных переводов;ДАВС;Машинист снегоочистителя
Обледенение стрелочных переводов;ДЦУП;Диспетчер
Повреждение провода ЛЭП;НТЭ;Электромонтер
Повреждение провода ЛЭП;НТЭ;Энергетик
Повреждение провода ЛЭП;ДАВС;Крановщик
Повреждение провода ЛЭП;ДАВС;Водитель автовышки
Повреждение провода ЛЭП;ДЦУП;Диспетчер энергоснабжения
Сход локомотива на перегоне;ДАВС;Машинист крана
Сход локомотива на перегоне;ДАВС;Стропальщик
Сход локомотива на перегоне;ДИ;Монтер пути
Сход локомотива на перегоне;ДИ;Бригадир пути
Сход локомотива на перегоне;Локомотивное депо;Машинист
Отказ системы вентиляции в служебном помещении;ЦТО;Механик по вентиляции
Отказ системы вентиляции в служебном помещении;ЦТО;Инженер по вентиляции
Отказ системы вентиляции в служебном помещении;НТЭ;Электромонтер
Отказ системы вентиляции в служебном помещении;ЦТО;Электрик
Отказ системы вентиляции в служебном помещении;ФГП;Охранник
Повреждение рельсовой нити;ДИ;Монтер пути
Повреждение рельсовой нити;ДИ;Бригадир пути
Повреждение рельсовой нити;ЦТО;Инженер-диагност
Повреждение рельсовой нити;ЦДИ;Оператор дефектоскопной тележки
Повреждение рельсовой нити;ДЦУП;Диспетчер
Обнаружение постороннего предмета на переезде;ДЦС;Дежурный по переезду
Обнаружение постороннего предмета на переезде;ФГП;Охранник
Обнаружение постороннего предмета на переезде;МЧС;Спасатель
Обнаружение постороннего предмета на переезде;ДЦУП;Диспетчер
Обнаружение постороннего предмета на переезде;МВД;Полицейский
Отказ системы освещения на переезде;НТЭ;Электромонтер
Отказ системы освещения на переезде;НТЭ;Энергетик
Отказ системы освещения на переезде;ЦТО;Электрик
Отказ системы освещения на переезде;ДЦС;Дежурный по переезду
Отказ системы освещения на переезде;ДЦУП;Диспетчер
Повреждение подрельсового основания;ДИ;Монтер пути
Повреждение подрельсового основания;ДИ;Бригадир пути
Повреждение подрельсового основания;ДАВС;Машинист путеукладчика
Повреждение подрельсового основания;ДАВС;Экскаваторщик
Повреждение подрельсового основания;ЦДИ;Инженер-диагност
Обнаружение разлива нефтепродуктов;НЦОП;Эколог
Обнаружение разлива нефтепродуктов;НЦОП;Лаборант
Обнаружение разлива нефтепродуктов;ДАВС;Водитель
Обнаружение разлива нефтепродуктов;ДАВС;Машинист насосной установки
Обнаружение разлива нефтепродуктов;МЧС;Пожарный
Отказ системы водоснабжения на вокзале;ЦТО;Слесарь-сантехник
Отказ системы водоснабжения на вокзале;ЦТО;Инженер по водоснабжению
Отказ системы водоснабжения на вокзале;ДАВС;Водитель
Отказ системы водоснабжения на вокзале;ФГП;Охранник
Отказ системы водоснабжения на вокзале;ДЦС;Дежурный по станции
Повреждение балласта на станции;ДИ;Монтер пути
Повреждение балласта на станции;ДИ;Бригадир пути
Повреждение балласта на станции;ДАВС;Машинист путеукладчика
Повреждение балласта на станции;ДАВС;Экскаваторщик
Повреждение балласта на станции;ДЦС;Дежурный по станции
Обнаружение повреждения изоляции кабеля;НТЭ;Электромонтер
Обнаружение повреждения изоляции кабеля;НТЭ;Энергетик
Обнаружение повреждения изоляции кабеля;ЦСС;Монтажник связи
Обнаружение повреждения изоляции кабеля;ДЦУП;Диспетчер
Обнаружение повреждения изоляции кабеля;НТЭ;Инженер по изоляции
Отказ системы пожарной сигнализации;МЧС;Пожарный
Отказ системы пожарной сигнализации;МЧС;Инженер по пожарной безопасности
Отказ системы пожарной сигнализации;ЦТО;Слесарь КИП
Отказ системы пожарной сигнализации;ФГП;Охранник
Отказ системы пожарной сигнализации;ДЦС;Дежурный по станции
Повреждение стыка рельса;ДИ;Монтер пути
Повреждение стыка рельса;ДИ;Бригадир пути
Повреждение стыка рельса;ЦТО;Инженер-диагност
Повреждение стыка рельса;ЦДИ;Оператор дефектоскопной тележки
Повреждение стыка рельса;ДЦУП;Диспетчер
Обнаружение разлива масла на путях;НЦОП;Эколог
Обнаружение разлива масла на путях;НЦОП;Лаборант
Обнаружение разлива масла на путях;ДАВС;Водитель
Обнаружение разлива масла на путях;ДАВС;Машинист насосной установки
Обнаружение разлива масла на путях;МЧС;Пожарный
Отказ системы связи на перегоне;ЦСС;Радист
Отказ системы связи на перегоне;ЦСС;Инженер связи
Отказ системы связи на перегоне;ЦСС;Монтажник связи
Отказ системы связи на перегоне;Локомотивное депо;Машинист
Отказ системы связи на перегоне;ДЦУП;Диспетчер
Повреждение мостового полотна;ДИ;Мостостроитель
Повреждение мостового полотна;ДИ;Монтер пути
Повреждение мостового полотна;ДАВС;Крановщик
Повреждение мостового полотна;ДАВС;Водолаз
Повреждение мостового полотна;ЦДИ;Инженер-диагност
Обнаружение трещины в опоре моста;ДИ;Мостостроитель
Обнаружение трещины в опоре моста;ДИ;Геодезист
Обнаружение трещины в опоре моста;ЦДИ;Инженер-диагност
Обнаружение трещины в опоре моста;ДАВС;Крановщик
Обнаружение трещины в опоре моста;НЦОП;Эколог
Отказ системы оповещения в тоннеле;ЦЧС;Оператор системы оповещения
Отказ системы оповещения в тоннеле;ЦСС;Инженер связи
Отказ системы оповещения в тоннеле;ЦТО;Электрик
Отказ системы оповещения в тоннеле;МЧС;Спасатель
Отказ системы оповещения в тоннеле;ДЦУП;Диспетчер
Повреждение противоугонных устройств;ДИ;Монтер пути
Повреждение противоугонных устройств;ДИ;Бригадир пути
Повреждение противоугонных устройств;ДАВС;Машинист путеукладчика
Повреждение противоугонных устройств;ЦДИ;Оператор дефектоскопной тележки
Повреждение противоугонных устройств;ДЦУП;Диспетчер
Обнаружение повреждения трубопровода;ЦТО;Слесарь-сантехник
Обнаружение повреждения трубопровода;ЦТО;Инженер по трубопроводам
Обнаружение повреждения трубопровода;ДАВС;Экскаваторщик
Обнаружение повреждения трубопровода;НЦОП;Эколог
Обнаружение повреждения трубопровода;ДЦС;Дежурный по станции
Отказ системы кондиционирования в служебном помещении;ЦТО;Механик по вентиляции
Отказ системы кондиционирования в служебном помещении;ЦТО;Электромеханик
Отказ системы кондиционирования в служебном помещении;НТЭ;Энергетик
Отказ системы кондиционирования в служебном помещении;ЦТО;Инженер по климату
Отказ системы кондиционирования в служебном помещении;ФГП;Охранник
Повреждение фиксатора контактной сети;НТЭ;Электромонтер контактной сети
Повреждение фиксатора контактной сети;НТЭ;Водитель автовышки
Повреждение фиксатора контактной сети;НТЭ;Энергодиспетчер
Повреждение фиксатора контактной сети;ДАВС;Крановщик
Повреждение фиксатора контактной сети;ДЦУП;Диспетчер
Засорение водосточной трубы;ДИ;Монтер пути
Засорение водосточной трубы;ДИ;Бригадир пути
Засорение водосточной трубы;ДАВС;Экскаваторщик
Засорение водосточной трубы;ДАВС;Водитель
Засорение водосточной трубы;НЦОП;Эколог
Повреждение переездной сигнализации на переезде;СЦБ;Электромеханик СЦБ
Повреждение переездной сигнализации на переезде;СЦБ;Электромонтер
Повреждение переездной сигнализации на переезде;ДЦС;Дежурный по переезду
Повреждение переездной сигнализации на переезде;ЦСС;Инженер связи
Повреждение переездной сигнализации на переезде;ДЦУП;Диспетчер
Отказ системы канализации в депо;ЦТО;Слесарь-сантехник
Отказ системы канализации в депо;ЦТО;Инженер по канализации
Отказ системы канализации в депо;ДАВС;Водитель
Отказ системы канализации в депо;Локомотивное депо;Машинист
Отказ системы канализации в депо;ФГП;Охранник
Обнаружение повреждения кабеля питания;НТЭ;Электромонтер
Обнаружение повреждения кабеля питания;НТЭ;Энергетик
Обнаружение повреждения кабеля питания;ЦСС;Монтажник связи
Обнаружение повреждения кабеля питания;ДЦУП;Диспетчер
Обнаружение повреждения кабеля питания;НТЭ;Инженер по кабелям
Повреждение автосцепки вагона;ЦТО;Осмотрщик вагонов
Повреждение автосцепки вагона;ЦТО;Мастер вагонного депо
Повреждение автосцепки вагона;ДЦС;Составитель поездов
Повреждение автосцепки вагона;ДЦС;Дежурный по станции
Повреждение автосцепки вагона;ЦТО;Инженер-диагност
Отказ системы отопления в служебном помещении;ЦТО;Слесарь по отоплению
Отказ системы отопления в служебном помещении;ЦТО;Инженер по теплоснабжению
Отказ системы отопления в служебном помещении;НТЭ;Энергетик
Отказ системы отопления в служебном помещении;ЦТО;Электрик
Отказ системы отопления в служебном помещении;ФГП;Охранник
Обледенение контактной сети на станции;НТЭ;Электромонтер контактной сети
Обледенение контактной сети на станции;НТЭ;Водитель автовышки
Обледенение контактной сети на станции;НТЭ;Энергодиспетчер
Обледенение контактной сети на станции;ДЦС;Дежурный по станции
Обледенение контактной сети на станции;ДЦУП;Диспетчер
Повреждение фундамента опоры ЛЭП;НТЭ;Электромонтер
Повреждение фундамента опоры ЛЭП;НТЭ;Энергетик
Повреждение фундамента опоры ЛЭП;ДАВС;Крановщик
Повреждение фундамента опоры ЛЭП;ДАВС;Экскаваторщик
Повреждение фундамента опоры ЛЭП;ДЦУП;Диспетчер энергоснабжения
Сход пассажирского вагона на станции;ДАВС;Машинист крана
Сход пассажирского вагона на станции;ДАВС;Стропальщик
Сход пассажирского вагона на станции;ДИ;Монтер пути
Сход пассажирского вагона на станции;ДИ;Бригадир пути
Сход пассажирского вагона на станции;ДЦС;Дежурный по станции
Отказ системы вентиляции в вагоне;ЦТО;Механик по вентиляции
Отказ системы вентиляции в вагоне;ЦТО;Инженер по вентиляции
Отказ системы вентиляции в вагоне;МВПС;Проводник
Отказ системы вентиляции в вагоне;МВПС;Начальник поезда
Отказ системы вентиляции в вагоне;ЦТО;Электрик
Повреждение рельсовой цепи;СЦБ;Электромеханик СЦБ
Повреждение рельсовой цепи;СЦБ;Электромонтер
Повреждение рельсовой цепи;ДИ;Монтер пути
Повреждение рельсовой цепи;ДЦУП;Диспетчер
Повреждение рельсовой цепи;ДЦС;Дежурный по станции
Обнаружение постороннего предмета в тоннеле;МЧС;Спасатель
Обнаружение постороннего предмета в тоннеле;МЧС;Пожарный
Обнаружение постороннего предмета в тоннеле;ФГП;Охранник
Обнаружение постороннего предмета в тоннеле;ДЦУП;Диспетчер
Обнаружение постороннего предмета в тоннеле;МЧС;Горноспасатель
Отказ системы освещения в тоннеле;НТЭ;Электромонтер
Отказ системы освещения в тоннеле;НТЭ;Энергетик
Отказ системы освещения в тоннеле;ЦТО;Электрик
Отказ системы освещения в тоннеле;МЧС;Спасатель
Отказ системы освещения в тоннеле;ДЦУП;Диспетчер
Повреждение подкладки рельса;ДИ;Монтер пути
Повреждение подкладки рельса;ДИ;Бригадир пути
Повреждение подкладки рельса;ЦТО;Инженер-диагност
Повреждение подкладки рельса;ЦДИ;Оператор дефектоскопной тележки
Повреждение подкладки рельса;ДЦУП;Диспетчер
Обнаружение разлива химикатов;НЦОП;Химик-лаборант
Обнаружение разлива химикатов;НЦОП;Эколог
Обнаружение разлива химикатов;МЧС;Пожарный
Обнаружение разлива химикатов;МЧС;Спасатель
Обнаружение разлива химикатов;ДАВС;Машинист насосной установки
Отказ системы водоснабжения в депо;ЦТО;Слесарь-сантехник
Отказ системы водоснабжения в депо;ЦТО;Инженер по водоснабжению
Отказ системы водоснабжения в депо;НТЭ;Энергетик
Отказ системы водоснабжения в депо;Локомотивное депо;Машинист
Отказ системы водоснабжения в депо;ФГП;Охранник
Повреждение балласта на перегоне;ДИ;Монтер пути
Повреждение балласта на перегоне;ДИ;Бригадир пути
Повреждение балласта на перегоне;ДАВС;Машинист путеукладчика
Повреждение балласта на перегоне;ДАВС;Экскаваторщик
Повреждение балласта на перегоне;ЦДИ;Инженер-диагност
Обнаружение повреждения изоляции провода;НТЭ;Электромонтер
Обнаружение повреждения изоляции провода;НТЭ;Энергетик
Обнаружение повреждения изоляции провода;ЦСС;Монтажник связи
Обнаружение повреждения изоляции провода;ДЦУП;Диспетчер
Обнаружение повреждения изоляции провода;НТЭ;Инженер по изоляции
Отказ системы пожаротушения в вагоне;МЧС;Пожарный
Отказ системы пожаротушения в вагоне;МЧС;Инженер по пожарной безопасности
Отказ системы пожаротушения в вагоне;ЦТО;Слесарь КИП
Отказ системы пожаротушения в вагоне;МВПС;Проводник
Отказ системы пожаротушения в вагоне;МВПС;Начальник поезда
Повреждение накладки рельса;ДИ;Монтер пути
Повреждение накладки рельса;ДИ;Бригадир пути
Повреждение накладки рельса;ЦТО;Инженер-диагност
Повреждение накладки рельса;ЦДИ;Оператор дефектоскопной тележки
Повреждение накладки рельса;ДЦУП;Диспетчер
Обнаружение разлива топлива в депо;НЦОП;Эколог
Обнаружение разлива топлива в депо;НЦОП;Лаборант
Обнаружение разлива топлива в депо;ДАВС;Водитель
Обнаружение разлива топлива в депо;ДАВС;Машинист насосной установки
Обнаружение разлива топлива в депо;МЧС;Пожарный
Отказ системы связи на станции;ЦСС;Радист
Отказ системы связи на станции;ЦСС;Инженер связи
Отказ системы связи на станции;ЦСС;Монтажник связи
Отказ системы связи на станции;ДЦС;Дежурный по станции
Отказ системы связи на станции;ДЦУП;Диспетчер
Повреждение пролетного строения моста;ДИ;Мостостроитель
Повреждение пролетного строения моста;ДИ;Монтер пути
Повреждение пролетного строения моста;ДАВС;Крановщик
Повреждение пролетного строения моста;ДАВС;Водолаз
Повреждение пролетного строения моста;ЦДИ;Инженер-диагност
Обнаружение трещины в балке моста;ДИ;Мостостроитель
Обнаружение трещины в балке моста;ДИ;Геодезист
Обнаружение трещины в балке моста;ЦДИ;Инженер-диагност
Обнаружение трещины в балке моста;ДАВС;Крановщик
Обнаружение трещины в балке моста;НЦОП;Эколог
Отказ системы оповещения на вокзале;ЦЧС;Оператор системы оповещения
Отказ системы оповещения на вокзале;ЦСС;Инженер связи
Отказ системы оповещения на вокзале;ЦТО;Электрик
Отказ системы оповещения на вокзале;ФГП;Охранник
Отказ системы оповещения на вокзале;ДЦС;Дежурный по станции
Повреждение рельсовых скреплений;ДИ;Монтер пути
Повреждение рельсовых скреплений;ДИ;Бригадир пути
Повреждение рельсовых скреплений;ДАВС;Машинист путеукладчика
Повреждение рельсовых скреплений;ЦДИ;Оператор дефектоскопной тележки
Повреждение рельсовых скреплений;ДЦУП;Диспетчер
Обнаружение повреждения водопровода;ЦТО;Слесарь-сантехник
Обнаружение повреждения водопровода;ЦТО;Инженер по водоснабжению
Обнаружение повреждения водопровода;ДАВС;Экскаваторщик
Обнаружение повреждения водопровода;НЦОП;Эколог
Обнаружение повреждения водопровода;ДЦС;Дежурный по станции
Отказ системы кондиционирования в вагоне-ресторане;ЦТО;Механик по вентиляции
Отказ системы кондиционирования в вагоне-ресторане;ЦТО;Электромеханик
Отказ системы кондиционирования в вагоне-ресторане;МВПС;Проводник
Отказ системы кондиционирования в вагоне-ресторане;МВПС;Начальник поезда
Отказ системы кондиционирования в вагоне-ресторане;ЦТО;Инженер по климату
Повреждение подвески контактной сети;НТЭ;Электромонтер контактной сети
Повреждение подвески контактной сети;НТЭ;Водитель автовышки
Повреждение подвески контактной сети;НТЭ;Энергодиспетчер
Повреждение подвески контактной сети;ДАВС;Крановщик
Повреждение подвески контактной сети;ДЦУП;Диспетчер
Засорение ливневой канализации;ДИ;Монтер пути
Засорение ливневой канализации;ДИ;Бригадир пути
Засорение ливневой канализации;ДАВС;Экскаваторщик
Засорение ливневой канализации;ДАВС;Водитель
Засорение ливневой канализации;НЦОП;Эколог
Повреждение автоматической переездной сигнализации;СЦБ;Электромеханик СЦБ
Повреждение автоматической переездной сигнализации;СЦБ;Электромонтер
Повреждение автоматической переездной сигнализации;ДЦС;Дежурный по переезду
Повреждение автоматической переездной сигнализации;ЦСС;Инженер связи
Повреждение автоматической переездной сигнализации;ДЦУП;Диспетчер
Отказ системы канализации на вокзале;ЦТО;Слесарь-сантехник
Отказ системы канализации на вокзале;ЦТО;Инженер по канализации
Отказ системы канализации на вокзале;ДАВС;Водитель
Отказ системы канализации на вокзале;ФГП;Охранник
Отказ системы канализации на вокзале;ДЦС;Дежурный по станции
Обнаружение повреждения опоры контактной сети;НТЭ;Электромонтер контактной сети
Обнаружение повреждения опоры контактной сети;НТЭ;Водитель автовышки
Обнаружение повреждения опоры контактной сети;НТЭ;Энергодиспетчер
Обнаружение повреждения опоры контактной сети;ДАВС;Крановщик
Обнаружение повреждения опоры контактной сети;ДЦУП;Диспетчер
Повреждение тормозной системы вагона;ЦТО;Осмотрщик вагонов
Повреждение тормозной системы вагона;ЦТО;Мастер вагонного депо
Повреждение тормозной системы вагона;ДЦС;Составитель поездов
Повреждение тормозной системы вагона;ДЦС;Дежурный по станции
Повреждение тормозной системы вагона;ЦТО;Инженер-диагност
Отказ системы отопления в вагоне-ресторане;ЦТО;Слесарь по отоплению
Отказ системы отопления в вагоне-ресторане;ЦТО;Инженер по теплоснабжению
Отказ системы отопления в вагоне-ресторане;МВПС;Проводник
Отказ системы отопления в вагоне-ресторане;МВПС;Начальник поезда
Отказ системы отопления в вагоне-ресторане;ЦТО;Механик по вагонам
Обледенение стрелочных переводов;СЦБ;Электромеханик СЦБ
Обледенение стрелочных переводов;ДИ;Монтер пути
Обледенение стрелочных переводов;ДЦС;Дежурный по станции
Обледенение стрелочных переводов;ДАВС;Машинист снегоочистителя
Обледенение стрелочных переводов;ДЦУП;Диспетчер
Повреждение провода ЛЭП;НТЭ;Электромонтер
Повреждение провода ЛЭП;НТЭ;Энергетик
Повреждение провода ЛЭП;ДАВС;Крановщик
Повреждение провода ЛЭП;ДАВС;Водитель автовышки
Повреждение провода ЛЭП;ДЦУП;Диспетчер энергоснабжения
Сход локомотива на перегоне;ДАВС;Машинист крана
Сход локомотива на перегоне;ДАВС;Стропальщик
Сход локомотива на перегоне;ДИ;Монтер пути
Сход локомотива на перегоне;ДИ;Бригадир пути
Сход локомотива на перегоне;Локомотивное депо;Машинист
Отказ системы вентиляции в служебном помещении;ЦТО;Механик по вентиляции
Отказ системы вентиляции в служебном помещении;ЦТО;Инженер по вентиляции
Отказ системы вентиляции в служебном помещении;НТЭ;Электромонтер
Отказ системы вентиляции в служебном помещении;ЦТО;Электрик
Отказ системы вентиляции в служебном помещении;ФГП;Охранник
Повреждение рельсовой нити;ДИ;Монтер пути
Повреждение рельсовой нити;ДИ;Бригадир пути
Повреждение рельсовой нити;ЦТО;Инженер-диагност
Повреждение рельсовой нити;ЦДИ;Оператор дефектоскопной тележки
Повреждение рельсовой нити;ДЦУП;Диспетчер
Обнаружение постороннего предмета на переезде;ДЦС;Дежурный по переезду
Обнаружение постороннего предмета на переезде;ФГП;Охранник
Обнаружение постороннего предмета на переезде;МЧС;Спасатель
Обнаружение постороннего предмета на переезде;ДЦУП;Диспетчер
Обнаружение постороннего предмета на переезде;МВД;Полицейский
Отказ системы освещения на переезде;НТЭ;Электромонтер
Отказ системы освещения на переезде;НТЭ;Энергетик
Отказ системы освещения на переезде;ЦТО;Электрик
Отказ системы освещения на переезде;ДЦС;Дежурный по переезду
Отказ системы освещения на переезде;ДЦУП;Диспетчер
Повреждение подрельсового основания;ДИ;Монтер пути
Повреждение подрельсового основания;ДИ;Бригадир пути
Повреждение подрельсового основания;ДАВС;Машинист путеукладчика
Повреждение подрельсового основания;ДАВС;Экскаваторщик
Повреждение подрельсового основания;ЦДИ;Инженер-диагност
Обнаружение разлива нефтепродуктов;НЦОП;Эколог
Обнаружение разлива нефтепродуктов;НЦОП;Лаборант
Обнаружение разлива нефтепродуктов;ДАВС;Водитель
Обнаружение разлива нефтепродуктов;ДАВС;Машинист насосной установки
Обнаружение разлива нефтепродуктов;МЧС;Пожарный